algorithm,input_type,n,time_ns,max_recursion_depth,metric_name,metric_value
MergeSort,random,100,250201,4,comparisons,660
QuickSort,random,100,304622,4,swaps,267
DeterministicSelect,random,100,288667,6,comparisons,862
ClosestPair,random,100,4711804,7,distance_checks,133
MergeSort,sorted,100,9013,4,comparisons,99
QuickSort,sorted,100,89923,4,swaps,96
DeterministicSelect,sorted,100,80589,7,comparisons,683
ClosestPair,sorted,100,315367,7,distance_checks,140
MergeSort,reverse-sorted,100,63715,4,comparisons,724
QuickSort,reverse-sorted,100,55122,4,swaps,342
DeterministicSelect,reverse-sorted,100,53349,6,comparisons,797
ClosestPair,reverse-sorted,100,251863,7,distance_checks,116
MergeSort,duplicate-heavy,100,34000,4,comparisons,594
QuickSort,duplicate-heavy,100,57886,3,swaps,235
DeterministicSelect,duplicate-heavy,100,55783,5,comparisons,661
ClosestPair,duplicate-heavy,100,367104,7,distance_checks,99
MergeSort,random,1000,548834,7,comparisons,10359
QuickSort,random,1000,119837,7,swaps,5394
DeterministicSelect,random,1000,369848,11,comparisons,9186
ClosestPair,random,1000,2602357,10,distance_checks,1134
MergeSort,sorted,1000,88361,7,comparisons,999
QuickSort,sorted,1000,116874,6,swaps,988
DeterministicSelect,sorted,1000,112056,10,comparisons,6994
ClosestPair,sorted,1000,1637878,10,distance_checks,1127
MergeSort,reverse-sorted,1000,347215,7,comparisons,10300
QuickSort,reverse-sorted,1000,72237,7,swaps,4264
DeterministicSelect,reverse-sorted,1000,151044,10,comparisons,9374
ClosestPair,reverse-sorted,1000,1232417,10,distance_checks,1109
MergeSort,duplicate-heavy,1000,67850,7,comparisons,9780
QuickSort,duplicate-heavy,1000,346914,3,swaps,2654
DeterministicSelect,duplicate-heavy,1000,47481,5,comparisons,3873
ClosestPair,duplicate-heavy,1000,2154953,10,distance_checks,551
MergeSort,random,5000,466812,10,comparisons,58555
QuickSort,random,5000,558017,8,swaps,33154
DeterministicSelect,random,5000,295368,12,comparisons,48421
ClosestPair,random,5000,6812978,12,distance_checks,6450
MergeSort,sorted,5000,29393,10,comparisons,4999
QuickSort,sorted,5000,375537,8,swaps,4942
DeterministicSelect,sorted,5000,221808,12,comparisons,37673
ClosestPair,sorted,5000,4588521,12,distance_checks,6428
MergeSort,reverse-sorted,5000,272223,10,comparisons,44324
QuickSort,reverse-sorted,5000,457217,9,swaps,30758
DeterministicSelect,reverse-sorted,5000,236080,12,comparisons,49430
ClosestPair,reverse-sorted,5000,2622297,12,distance_checks,6493
MergeSort,duplicate-heavy,5000,368396,10,comparisons,55931
QuickSort,duplicate-heavy,5000,744093,3,swaps,13898
DeterministicSelect,duplicate-heavy,5000,115091,6,comparisons,18609
ClosestPair,duplicate-heavy,5000,4519348,12,distance_checks,3856
